method,lora_r,galore_rank,update_proj_gap,target_modules,epoch,loss_mean,grad_norm_mean,learning_rate_mean,entropy_mean,num_tokens_mean,mean_token_accuracy_mean,step_mean,eval_loss_mean,eval_runtime_mean,eval_samples_per_second_mean,eval_steps_per_second_mean,eval_entropy_mean,eval_num_tokens_mean,eval_mean_token_accuracy_mean,loss_std,grad_norm_std,learning_rate_std,entropy_std,num_tokens_std,mean_token_accuracy_std,step_std,eval_loss_std,eval_runtime_std,eval_samples_per_second_std,eval_steps_per_second_std,eval_entropy_std,eval_num_tokens_std,eval_mean_token_accuracy_std
dora,8.0,,,all,1.0,1.2376794647752192,0.4736899236838023,0.00016002288329519454,1.247210413012952,5291602.0,0.7182784742021452,1748.0,1.1984361410140991,698.0148666666668,4.292333333333334,0.537,1.2057731486426462,5291602.0,0.7255264666345385,0.00025660280346724774,0.026861976126103058,0.0,0.00023986424629817237,0.0,6.164462276041486e-05,0.0,0.0004527492231270681,7.495402634504258,0.04600362304572648,0.006000000000000005,0.01801897502689536,0.0,0.0002981588529686718
dora,8.0,,,all,2.0,1.1189185520058638,0.7777942617734274,0.00012002288329519453,1.1354145836639187,10583204.0,0.7362379574371056,3496.0,1.1901142994562786,699.4344,4.283666666666666,0.536,1.1429621138042874,10583204.0,0.7279680265320673,0.0002530052409393377,0.10673914394149547,0.0,0.00021807573955926626,0.0,4.1479910868673714e-05,0.0,0.00038825368172741245,8.61105349478214,0.05238638499966696,0.006557438524302007,0.010871710263739849,0.0,0.0001772082397644614
dora,8.0,,,all,3.0,0.9724682095758248,0.9294095039367676,8.002288329519452e-05,1.0045244661816926,15874806.0,0.7611254238609501,5244.0,1.2130820353825886,697.9501666666666,4.292666666666666,0.5376666666666666,1.0574399417241416,15874806.0,0.7277663560973272,0.00029589501974685374,0.11088622686544054,0.0,0.00031556771248951936,0.0,0.00011746678175167222,0.0,0.0015642457479544982,7.231512935986019,0.044657959350303277,0.005507570547286093,0.01195691779062683,0.0,0.000134009093146592
dora,8.0,,,all,4.0,0.82430723002628,1.2463406721750896,4.0022883295194505e-05,0.8774855680519348,21166408.0,0.7900595798531532,6992.0,1.2642587423324585,699.2996666666667,4.285,0.5363333333333333,0.9841908362176683,21166408.0,0.725383022096422,0.0005914243630594479,0.06185408983519833,0.0,0.000673897821979748,0.0,0.0001364994766341754,0.0,0.00047800548296984016,8.608904925327781,0.05267826876426369,0.0070237691685685125,0.0036808350735119157,0.0,0.00011798854346656912
dora,8.0,,,all,5.0,0.6980759819257724,1.5686443249384563,2.2883295194508016e-08,0.7713999033235668,26458010.0,0.8179139036949494,8740.0,1.332571029663086,699.7027666666667,4.282333333333334,0.536,0.9200689812236362,26458010.0,0.7216587601237827,0.0008730325695226809,0.09674983237777789,0.0,0.0010652112185086237,0.0,0.00023603917249904942,0.0,0.00029126596265755103,7.561340645899584,0.04605793453177593,0.006000000000000005,0.0010526014096769146,0.0,6.0806389008415304e-05
dora,8.0,,,attn,1.0,1.2533123327701896,0.3520710269610087,0.00016002288329519454,1.26461699681142,5291602.0,0.7160516227023644,1748.0,1.2180378039677937,281.03073333333333,10.661333333333333,1.3343333333333334,1.2309925870365568,5291602.0,0.7223664051161872,0.00014168899970542844,0.010775561360730017,0.0,0.00017695470952338669,0.0,3.480627853256591e-05,0.0,0.00029874196009929964,2.5876052970523715,0.09847503913852176,0.0123423390543825,0.01813992456022545,0.0,0.0002354330879330961
dora,8.0,,,attn,2.0,1.1947562001662615,0.4929518202940623,0.00012002288329519453,1.2095934245124471,10583204.0,0.7245990835374588,3496.0,1.2070366938908894,280.9419,10.665,1.335,1.1961338429980808,10583204.0,0.7245992971526252,0.00021835139805014543,0.014453374283384595,0.0,0.0002082693949902242,0.0,7.59958877428427e-05,0.0,0.0004758747839976411,2.7413646109191325,0.10453229166147723,0.013228756555322985,0.010992423110416157,0.0,0.00013243561195786546
dora,8.0,,,attn,3.0,1.142113959852927,0.605555792649587,8.002288329519452e-05,1.1612546777084163,15874806.0,0.7328939428773206,5244.0,1.2090064684549968,280.99606666666665,10.662666666666667,1.3343333333333334,1.1672405321862962,15874806.0,0.7249008690516154,9.867897694170086e-05,0.027690157666496,0.0,0.0001392036666888907,0.0,6.298759065521294e-05,0.0,0.00013102691728515342,2.6154289788356886,0.09932438438436662,0.0123423390543825,0.005150761081922892,0.0,6.007867824378644e-05
dora,8.0,,,attn,4.0,1.0959901904259628,0.7138322989145914,4.0022883295194505e-05,1.1199541598853948,21166408.0,0.7404969252083339,6992.0,1.218640645345052,281.094,10.659,1.3343333333333334,1.1291634336577523,21166408.0,0.7242491380373637,0.0001055274536954934,0.013642896142289246,0.0,0.0003127537378925292,0.0,4.532230096428555e-05,0.0,0.0012296608525975124,2.4721650511242266,0.0939521154631438,0.01167618659209134,0.006907254908267438,0.0,0.00015718784345378873
dora,8.0,,,attn,5.0,1.0600926495980525,0.8440932830174764,2.2883295194508016e-08,1.0883957637824873,26458010.0,0.7466604426605478,8740.0,1.2296079794565837,280.9159,10.665666666666667,1.335,1.1124687764379713,26458010.0,0.7231577479044596,0.000553777831515571,0.07152764504655466,0.0,0.0006550045199924776,0.0,0.00014103148532470825,0.0,0.00019267711337017798,2.5737651349724975,0.09770533932868497,0.012124355652982137,0.00037899344233236116,0.0,0.000186252091234451
dora,16.0,,,all,1.0,1.2377651747085956,0.5664826432863871,0.00016002288329519454,1.2457525914948373,5291602.0,0.7182315600045669,1748.0,1.1977742115656536,732.1870333333333,4.115333333333333,0.515,1.2037738109164768,5291602.0,0.7256473291714985,0.00014992467389264615,0.01818175875635632,0.0,3.6336226280388516e-05,0.0,5.801982662942362e-06,0.0,0.0006980431269320728,69.72493642480669,0.3713601127387454,0.04680811895387381,0.025791068599010838,0.0,0.0003326581251068415
dora,16.0,,,all,2.0,1.0816793783669432,0.8712294499079386,0.00012002288329519453,1.0990726186699942,10583204.0,0.7421097112784033,3496.0,1.1897624333699544,731.4793666666668,4.119000000000001,0.5153333333333333,1.1292012387911479,10583204.0,0.7287216112348768,0.000585188332507202,0.10899787562527277,0.0,0.0004887670741586865,0.0,0.00014086641486152595,0.0,0.0008918236203261694,68.82372461712117,0.3675431947404279,0.04623130252689552,0.016647594838838323,0.0,0.00017153059344363896
dora,16.0,,,all,3.0,0.8753518483549652,1.138352394104004,8.002288329519452e-05,0.9159981097818602,15874806.0,0.7790022539578714,5244.0,1.2287567456563313,732.0218,4.116666666666666,0.5156666666666667,1.0053753288057115,15874806.0,0.7283476557731628,0.0006481587079479901,0.13855890762358347,0.0,0.000595373897593783,0.0,6.556613785052444e-05,0.0,0.0031766633835834616,69.71870625850713,0.37177457327436075,0.046543886100467946,0.006212954277783582,0.0,0.0003651268038741457
dora,16.0,,,all,4.0,0.6553729513417119,1.5736807584762573,4.0022883295194505e-05,0.7264528539483552,21166408.0,0.8260108631908394,6992.0,1.3209281365076702,729.7651666666667,4.126666666666666,0.5163333333333334,0.8867658505439758,21166408.0,0.7254486344655354,0.0014136814913072507,0.11220866934741615,0.0,0.001312961661965087,0.0,0.00027925083637428345,0.0,0.0023677157189770804,65.90905550418186,0.35437315549196596,0.0445009363197375,0.0038626423613599896,0.0,0.00014894035230053629
dora,16.0,,,all,5.0,0.47930064372303466,1.6943885485331218,2.2883295194508016e-08,0.5717850505998806,26458010.0,0.8695654177556594,8740.0,1.4369202454884846,731.3387333333334,4.1193333333333335,0.516,0.7980538793669806,26458010.0,0.7209891880883111,0.0009796819780543517,0.030800392303287495,0.0,0.0005353886425763805,0.0,0.0002958823241649306,0.0,0.0006527204073790848,68.64851885025155,0.36710942964371424,0.0459673797382448,0.0012248905513718095,0.0,8.575497675432939e-05
dora,16.0,,,attn,1.0,1.2494039411857598,0.40781482060750324,0.00016002288329519454,1.2606285794557823,5291602.0,0.7166062754633589,1748.0,1.2141536076863606,298.77746666666667,10.068333333333333,1.26,1.2257448829015096,5291602.0,0.7229781617058647,0.00014172210713455006,0.01732673837018282,0.0,0.00013357313723412218,0.0,8.015621112050348e-05,0.0,0.00048812437455584537,23.82459620336371,0.7745788102790662,0.09704122835166502,0.025089263026656768,0.0,0.0001866977282132346
dora,16.0,,,attn,2.0,1.1744908988248475,0.5765310525894165,0.00012002288329519453,1.1902797221910126,10583204.0,0.7277501142611493,3496.0,1.2033873399098713,298.74263333333334,10.070333333333332,1.2606666666666666,1.185211200926039,10583204.0,0.7255045870674981,0.0006071947090886024,0.03347235882992728,0.0,0.00047029341637695927,0.0,9.265812921680576e-05,0.0,6.82997796904629e-05,24.05144903832891,0.7805922964860292,0.09790471558272025,0.013996705547115507,0.0,0.00022970978613387217
dora,16.0,,,attn,3.0,1.0961051609205164,0.7088228265444437,8.002288329519452e-05,1.1187330516556762,15874806.0,0.7403123308623863,5244.0,1.2095919450124104,297.66993333333335,10.099666666666666,1.2643333333333333,1.1347685996161567,15874806.0,0.7255236088964674,0.0006030993586766174,0.06781330652152931,0.0,0.00037874817935798255,0.0,0.0001418149595825299,0.0,0.0002903288425714382,21.75610250213335,0.7144874619846971,0.0892767233568377,0.004444690888633359,0.0,4.476944413849243e-05
dora,16.0,,,attn,4.0,1.0215506011706832,0.9133005539576212,4.0022883295194505e-05,1.052516105132281,21166408.0,0.7532241019376992,6992.0,1.229545791943868,298.14993333333337,10.085666666666667,1.2623333333333333,1.0827774566544426,21166408.0,0.7244661984973483,0.0009666522342151023,0.053734688696463945,0.0,0.0008846879115921396,0.0,0.00013558678941190893,0.0,0.001966053064330521,22.487428600961334,0.7349696138843667,0.09169696468985951,0.004459312179035758,0.0,0.00023919885876693407
dora,16.0,,,attn,5.0,0.9598730627041023,1.0909639199574788,2.2883295194508016e-08,0.9988917149745445,26458010.0,0.7647143659770808,8740.0,1.2536633809407551,297.3539,10.113,1.266,1.0526954514185587,26458010.0,0.7226390435430737,0.00042211307284350266,0.062089446760142906,0.0,0.0004375477424864713,0.0,5.6935238675065764e-05,0.0,0.0008792017375464419,22.467789885300235,0.7384009750806125,0.0924824307639024,0.0011025770705056128,0.0,0.00013038808829589818
dora,32.0,,,all,1.0,1.243626411955926,0.7055020332336426,0.00016002288329519454,1.2487936863955609,5291602.0,0.7173183437843162,1748.0,1.20293132464091,694.1592,4.316,0.5403333333333333,1.2227770079506768,5291602.0,0.7249047643343607,0.0001326682384661786,0.04619025913461227,0.0,0.00012178274661907176,0.0,8.097062476556431e-05,0.0,0.00035394268603349655,1.761599815508648,0.010583005244258665,0.0015275252316519692,0.01878412479228374,0.0,0.00029485700629013355
dora,32.0,,,all,2.0,1.0414076978972993,1.0720415314038594,0.00012002288329519453,1.0595761513682742,10583204.0,0.7487316644778241,3496.0,1.19569730758667,692.9294666666666,4.323666666666667,0.541,1.1220705982844035,10583204.0,0.7287199508349101,0.0011486235777867575,0.15044838116085307,0.0,0.0009920223844593378,0.0,0.0002534151845318802,0.0,0.00015646127291817845,1.1668989859166972,0.007371114795832236,0.0010000000000000009,0.018859219901918033,0.0,0.00028022075627614893
dora,32.0,,,all,3.0,0.7644545077186428,1.6064700682957966,8.002288329519452e-05,0.8149542021760497,15874806.0,0.8007122341637207,5244.0,1.2577634652455647,694.4136666666667,4.314666666666667,0.5403333333333333,0.9394931930965847,15874806.0,0.7291421342425877,0.0012078915470101952,0.26791553120294526,0.0,0.0010802940541341508,0.0,0.0004031912271578908,0.0,0.007198727025319478,2.2690867355245796,0.01386842937514322,0.001527525231651936,0.013710139696940215,0.0,0.0004458587190984463
dora,32.0,,,all,4.0,0.4760568416545993,1.8743846416473389,4.0022883295194505e-05,0.560135081586585,21166408.0,0.8680143101719114,6992.0,1.4021620750427246,693.9106333333333,4.317666666666667,0.5403333333333333,0.7814337256749472,21166408.0,0.7260403628349303,0.0012913536403455135,0.053308812468861065,0.0,0.0011586425583449097,0.0,0.00031776899268571906,0.0,0.002348588814182797,2.295093353947408,0.014571661996262884,0.001527525231651936,0.00818492544869217,0.0,0.00023874165106000574
dora,32.0,,,all,5.0,0.26794406241992336,1.709883411725362,2.2883295194508016e-08,0.359818222326554,26458010.0,0.9249067891085084,8740.0,1.5969044367472331,694.1485333333334,4.316333333333334,0.5403333333333333,0.6535849976274702,26458010.0,0.7215356925328572,0.0009676790977597423,0.10427153412061858,0.0,0.0008631909225472466,0.0,0.0003048258468257084,0.0,0.003590273583159675,2.466227548977078,0.015275252316519675,0.001527525231651936,0.0022471284230053176,0.0,0.00018080803292176814
dora,32.0,,,attn,1.0,1.2478745240095825,0.4965277314186096,0.00016002288329519454,1.258869432577825,5291602.0,0.7168777524447459,1748.0,1.2118593454360962,279.60836666666665,10.714999999999998,1.341,1.229366167916192,5291602.0,0.7236299424701267,0.00028811925840980114,0.02560893828421315,0.0,0.0002178121251910142,0.0,6.886980278816633e-05,0.0,0.0014005075827096323,1.0934662149940304,0.04150903516103415,0.004999999999999949,0.035200815397382845,0.0,0.0004294986913513381
dora,32.0,,,attn,2.0,1.1517525330288185,0.7002478043238322,0.00012002288329519453,1.1686446303338336,10583204.0,0.7312913930525223,3496.0,1.2014543215433757,279.3969,10.722999999999999,1.3419999999999999,1.1717633478376601,10583204.0,0.7260908732414246,0.0003822478982350098,0.045441193816050114,0.0,0.0004681379938658731,0.0,6.73749855013679e-05,0.0,0.0008918219710933699,1.0907924229659938,0.04158124577258363,0.0052915026221291225,0.017947967328032718,0.0,0.00020407716608688778
dora,32.0,,,attn,3.0,1.0394459600033967,0.8514615098635355,8.002288329519452e-05,1.0667649958421945,15874806.0,0.7498735331743388,5244.0,1.2138039271036785,279.5708333333333,10.716666666666669,1.3413333333333333,1.0968677649497984,15874806.0,0.726118980301751,0.00030410387626755766,0.10719197932274512,0.0,0.00042974774305100144,0.0,9.053740642590123e-05,0.0,0.0007600395247472979,0.8876981149767601,0.034019602192461564,0.0037859388972002373,0.005334971508321304,0.0,0.0002851277731250998
dora,32.0,,,attn,4.0,0.9245539126188858,1.1440551280975342,4.0022883295194505e-05,0.9658862710976582,21166408.0,0.7708636639365524,6992.0,1.2471812566121419,279.7812,10.708333333333334,1.3403333333333334,1.0299587687386407,21166408.0,0.7246568641132779,9.076940742138375e-05,0.057809272222587145,0.0,0.00021787781772150317,0.0,9.181441333860112e-05,0.0,0.00028102093429537364,1.1395565979800857,0.04350095784386021,0.005859465277082298,0.004103560143659544,0.0,4.823310112555e-05
dora,32.0,,,attn,5.0,0.8227042308024647,1.3452267249425252,2.2883295194508016e-08,0.8780690451599459,26458010.0,0.7915440166523946,8740.0,1.2950656811396282,279.93233333333336,10.702666666666666,1.3396666666666668,0.9767441340552437,26458010.0,0.7214342371092902,0.0003733986000575901,0.01850888519639477,0.0,0.0003489290217120382,0.0,0.00010266379525197154,0.0,0.0005219506877040664,1.3697471019620269,0.052271725945613974,0.006350852961085825,0.0011162704845266282,0.0,6.101601312585105e-05
dora,64.0,,,all,1.0,1.261454683328566,0.8508206605911255,0.00016002288329519454,1.2622891117788106,5291602.0,0.714672220880798,1748.0,1.2203209797541301,699.9424333333333,4.280333333333333,0.5356666666666667,1.2404461164474487,5291602.0,0.7224037242995368,0.00022798221634158646,0.042679430130036,0.0,0.0002195413297128547,0.0,5.256741818672634e-05,0.0,0.00025169652839486403,4.7254365346848175,0.029022979401386907,0.0035118845842842666,0.008109113239748921,0.0,0.0003494992102173834
dora,64.0,,,all,2.0,1.0123340830741085,1.209895173708598,0.00012002288329519453,1.0296517611345564,10583204.0,0.7533078031581745,3496.0,1.213215430577596,699.6525666666666,4.282666666666667,0.536,1.1093783804045783,10583204.0,0.7274728056059944,0.00075187543631916,0.08762959701133292,0.0,0.0006921058082196332,0.0,0.00015491618572474912,0.0,0.0006797286755494748,5.480360215654936,0.03350124375800605,0.0040000000000000036,0.030276314834571317,0.0,0.00043339626724657807
dora,64.0,,,all,3.0,0.6590046595290451,1.6023030281066895,8.002288329519452e-05,0.7189663456799783,15874806.0,0.8226228594029795,5244.0,1.2992244561513264,699.8415333333332,4.281,0.536,0.8827915169927808,15874806.0,0.7289312082926432,0.00020337714832173418,0.1944195137709183,0.0,9.699451808257741e-05,0.0,0.00018416039426576074,0.0,0.005187321387227274,5.1487365171790715,0.03148015247739443,0.0036055512754639848,0.013317978333027435,0.0,0.00021632707012753268
dora,64.0,,,all,4.0,0.3307366971293085,1.904579758644104,4.0022883295194505e-05,0.4161224929483722,21166408.0,0.9050335883184938,6992.0,1.5069365898768108,700.1655000000001,4.279,0.5356666666666667,0.6829602337678273,21166408.0,0.726132592731052,0.00023523754015877273,0.19342756909007405,0.0,0.00025355910883764044,0.0,0.00010320901042458153,0.0,0.010444799447349972,5.089514858019371,0.030999999999999694,0.0035118845842842666,0.005445465947274701,0.0,0.00012182714084409332
dora,64.0,,,all,5.0,0.13409622855808423,1.4435749451319377,2.2883295194508016e-08,0.2018251015181695,26458010.0,0.9626361331827854,8740.0,1.7840866645177205,699.3207333333334,4.284,0.5363333333333333,0.5253671339617835,26458010.0,0.7236347982618544,0.0003069224419054482,0.08681324268356924,0.0,0.0002575237543018728,0.0,9.087327255201089e-05,0.0,0.005613268545882493,4.4954661185836144,0.02749545416973526,0.0035118845842842363,0.0019572428357522236,0.0,0.0002184300444965958
dora,64.0,,,attn,1.0,1.2499343557816076,0.574883222579956,0.00016002288329519454,1.2605186107843365,5291602.0,0.7166706789299152,1748.0,1.2134851217269897,283.28343333333333,10.576333333333332,1.3236666666666668,1.227335524506039,5291602.0,0.72352881081899,0.00034335174420480074,0.02373826649816182,0.0,0.0002567069795555237,0.0,8.507208201232076e-05,0.0,0.001049237023135977,2.206289859318849,0.08258530942809003,0.010016652800877797,0.02535917168671441,0.0,0.00022696390366061344
dora,64.0,,,attn,2.0,1.1286403210812357,0.8781089584032694,0.00012002288329519453,1.1468397186377137,10583204.0,0.7349168014471809,3496.0,1.2037533521652222,283.00393333333335,10.587000000000002,1.3253333333333333,1.1497256567213272,10583204.0,0.7263549735811021,0.0010954569239455874,0.06753855753511236,0.0,0.0010049118813030915,0.0,0.00020376852541002438,0.0,0.002031866969738638,2.1827893744778257,0.08161494961096363,0.010016652800877853,0.030481763506109875,0.0,0.0002796871045347881
dora,64.0,,,attn,3.0,0.9761248020431088,1.022236982981364,8.002288329519452e-05,1.0098592110097544,15874806.0,0.7607728020322858,5244.0,1.2228792905807495,283.175,10.580666666666666,1.3243333333333334,1.0557131038771737,15874806.0,0.7266535904672411,0.001461351028976738,0.12525758203318224,0.0,0.001409476052192456,0.0,0.00031977036367095607,0.0,0.0026094401215334467,2.1828047164141986,0.08164761682580404,0.010503967504392494,0.012774993696671995,0.0,0.00017979491529425493
dora,64.0,,,attn,4.0,0.8084365064910494,1.3999144633611043,4.0022883295194505e-05,0.8635598621711215,21166408.0,0.793502130893057,6992.0,1.2781870365142822,283.07643333333334,10.584000000000001,1.3246666666666667,0.9632075779702928,21166408.0,0.7246559849845039,0.001553725348111352,0.10899315447874165,0.0,0.0013220098175645058,0.0,0.0004904843599494546,0.0,0.001572741724236379,2.1700207702538807,0.08107404023483694,0.010016652800877764,0.006294874820712466,0.0,7.398772302751047e-05
dora,64.0,,,attn,5.0,0.6546027956801822,1.5900518496831257,2.2883295194508016e-08,0.7304152395721157,26458010.0,0.827814695139044,8740.0,1.362929105758667,283.1334,10.582,1.3246666666666667,0.880937123404609,26458010.0,0.7205732004907396,0.0012527344380700049,0.047411693229427315,0.0,0.0008347272020850962,0.0,0.0005725727542080169,0.0,0.0013250173022895328,2.2414073346895176,0.08354040938372251,0.010503967504392383,0.0008461055214610951,0.0,3.0528457350773365e-05
dora,128.0,,,all,1.0,1.3002661989446271,1.1037896474202473,0.00016002288329519454,1.296041492159634,5291602.0,0.7090207411531816,1748.0,1.2605125904083252,709.9065333333333,4.2203333333333335,0.5283333333333333,1.2615692014164395,5291602.0,0.7163473330603706,0.0005445676994388608,0.0512474132136882,0.0,0.0003905254941635263,0.0,5.111095544192224e-05,0.0,0.0005818445449283724,6.836487585254049,0.04067349669420291,0.005131601439446851,0.020487684186002067,0.0,0.0005250759597836502
dora,128.0,,,all,2.0,1.0023748076298509,1.4985235532124836,0.00012002288329519453,1.0168073656993635,10583204.0,0.7545993048029942,3496.0,1.247441331545512,708.9600333333334,4.226,0.529,1.0905429827372233,10583204.0,0.7238307461738587,0.0011971613512157656,0.1470201215660177,0.0,0.001214184786326049,0.0,0.00017104513875450326,0.0,0.0018569787442147925,5.54135947790196,0.03345145736735572,0.00435889894354069,0.024979920192279435,0.0,0.00046801483793116716
dora,128.0,,,all,3.0,0.5912317527695342,1.778996467590332,8.002288329519452e-05,0.6562141096610136,15874806.0,0.8370079038413221,5244.0,1.3573426008224487,708.9062333333333,4.226333333333333,0.529,0.8327554927402073,15874806.0,0.7265994025336372,0.0017991710556804028,0.22657237567448774,0.0,0.0013695364068213763,0.0,0.000586463211542775,0.0,0.003912937334604991,6.116785721548015,0.036363901514184976,0.00435889894354069,0.00988023601033884,0.0,0.0003301806354265706
dora,128.0,,,all,4.0,0.24732462565104166,1.9201501210530598,4.0022883295194505e-05,0.3241992194935805,21166408.0,0.9275553847523157,6992.0,1.5997174978256226,709.5718,4.222333333333333,0.5286666666666667,0.6190451716581981,21166408.0,0.7250411317613391,0.0006500841001576169,0.11556061327450196,0.0,0.0007189523740592905,0.0,0.00037626311165697696,0.0,0.008271340887629763,5.136520608349535,0.03043572462310235,0.00378593889720023,0.00801251053483954,0.0,0.00022373165022932277
dora,128.0,,,all,5.0,0.08503104529246223,1.1894198258717854,2.2883295194508016e-08,0.12920285072987495,26458010.0,0.976867247409806,8740.0,1.8936376174290974,709.8245000000001,4.221,0.5283333333333333,0.4609754421446059,26458010.0,0.7252593491342333,0.0004157111968269269,0.08357117001009043,0.0,0.0003959540910049642,0.0,0.0002170234666598703,0.0,0.0063852316168518004,5.381728022670739,0.03244996147917609,0.004163331998932284,0.002751373607103863,0.0,7.11369459253974e-06
dora,128.0,,,attn,1.0,1.2599224262252098,0.7330522139867147,0.00016002288329519454,1.269679805393168,5291602.0,0.7153633482396193,1748.0,1.2233838240305583,285.8059333333333,10.484,1.3123333333333334,1.230934578206804,5291602.0,0.722188217692905,0.000190978258878994,0.027586288919271354,0.0,0.00012933124602061374,0.0,3.4167140634772355e-05,0.0,0.00032988590785996866,4.150530142443658,0.1512481404844379,0.01942506971244468,0.025076417314968902,0.0,0.0002506032535060067
dora,128.0,,,attn,2.0,1.1125048092537304,0.9883120457331339,0.00012002288329519453,1.131997489365433,10583204.0,0.737669709527156,3496.0,1.2129595677057903,285.5975,10.491666666666667,1.313,1.1353542495833502,10583204.0,0.7256318190892538,0.0003640393254751686,0.06905816044674068,0.0,0.00046947716676283747,0.0,8.808606715905861e-05,0.0,0.0029635805837051597,3.7899837374321392,0.1388140242674828,0.017088007490635024,0.03337509694312101,0.0,0.0002929467938724303
dora,128.0,,,attn,3.0,0.918596653243588,1.1825147867202759,8.002288329519452e-05,0.9596439776167808,15874806.0,0.7711087890384217,5244.0,1.2391907771428425,285.75533333333334,10.485999999999999,1.3126666666666666,1.018432580418057,15874806.0,0.7266279296875,0.0003716854432602643,0.18950498469151095,0.0,0.0003750635569528092,0.0,5.3300898099529595e-05,0.0,0.004231321876030333,4.188418654257654,0.1532187978023582,0.01921804707386607,0.014695984723171875,0.0,0.0005648750451397071
dora,128.0,,,attn,4.0,0.6899747870333953,1.6361706654230754,4.0022883295194505e-05,0.7606609558884103,21166408.0,0.8180623891742789,6992.0,1.3263549009958904,285.77183333333335,10.485333333333335,1.3123333333333334,0.8929663632710775,21166408.0,0.7245422996415032,0.00024150236113056094,0.04677927738221543,0.0,0.0004193732650948659,0.0,2.3960942564466654e-05,0.0,0.003594458231834905,3.993301838495729,0.1464934583294879,0.018147543451754945,0.0010426698809223641,0.0,0.00048705431600706714
dora,128.0,,,attn,5.0,0.4863520199610567,1.7626649936040242,2.2883295194508016e-08,0.5790589519703233,26458010.0,0.8673111770236702,8740.0,1.4589121341705322,285.7022,10.488,1.3126666666666666,0.7764941986931695,26458010.0,0.7202808973524305,0.0006269060715352551,0.057722706350134635,0.0,0.0006045999425542032,0.0,0.00010520583783555651,0.0,0.0006394996421054291,3.96471324057617,0.14516542288024337,0.018036999011291594,0.0020086099460756364,0.0,0.00030918981784472843
fft,,,,all,1.0,1.2357329041970586,0.6028645833333334,1.6002288329519454e-05,1.1986662123320404,5291602.0,0.7265660405149049,1748.0,1.1511380275090535,184.40276666666668,16.247666666666664,16.247666666666664,1.142856872929024,5291602.0,0.7360294890976716,5.238638196084201e-05,0.033222267766075717,0.0,0.0003104689271830565,0.0,0.00010567550643979754,0.0,0.0004897187597953692,1.517489272889052,0.1331778259821553,0.1331778259821553,0.01807697631381565,0.0,0.00042856653278942425
fft,,,,all,2.0,0.9222407919318507,0.7682291666666666,1.2002288329519451e-05,0.9224676287128856,10583204.0,0.77705349035962,3496.0,1.1503797769546509,183.5249,16.325,16.325,1.0021385019599502,10583204.0,0.7400569203075538,0.0011172701395768176,0.05583797302706138,0.0,0.0007998419777348514,0.0,0.00016491646920573295,0.0,0.0011165121121950005,1.3704536584649494,0.12165114056185526,0.12165114056185526,0.011429600266457198,0.0,0.00020160725164737348
fft,,,,all,3.0,0.6234697913687071,1.0,8.002288329519452e-06,0.6717665070093699,15874806.0,0.839354903158864,5244.0,1.2356743415196736,183.38463333333334,16.338,16.338,0.8602151174834359,15874806.0,0.7377264508683256,0.0012715327429302006,0.08567075077914574,0.0,0.0015435303353577001,0.0,0.0003076330403639745,0.0,0.0017316877215428168,1.50257134716901,0.13342788314291723,0.13342788314291723,0.003078074308736683,0.0,0.0002893537358131889
fft,,,,all,4.0,0.38566932707320273,1.3932291666666667,4.002288329519451e-06,0.4620375448245328,21166408.0,0.8990531562494083,6992.0,1.3741805950800579,214.35950000000003,14.146333333333333,14.146333333333333,0.7581529463521148,21166408.0,0.7318146732094079,0.0016264523497315918,0.15651020001371582,0.0,0.0017607906334428138,0.0,0.0003369522089623398,0.0,0.003069505478745348,27.660266387184343,1.9725704888123343,1.9725704888123343,0.0017704088153411336,0.0,0.0001912297514952356
fft,,,,all,5.0,0.2784309649085562,1.2161458333333333,2.2883295194508013e-09,0.36261119854140467,26458010.0,0.9287342724050799,8740.0,1.469629128774007,215.59286666666665,14.081666666666669,14.081666666666669,0.7194065109017985,26458010.0,0.727219103971056,0.001243557993827771,0.12629537138523067,0.0,0.001378730213789516,0.0,0.00030771914517633593,0.0,0.0023343924696402,29.160104259130023,2.0530429448341643,2.0530429448341643,0.0008090963002238873,0.0,0.00017065821880169613
galore,,128.0,500.0,all,1.0,1.2388353616931254,5.489583333333333,1.6002288329519454e-05,1.2489303989118514,5291602.0,0.7178611407790996,1748.0,1.2041318813959758,159.8916,18.739,2.345333333333333,1.220839884069231,5291602.0,0.7241571611828275,0.00011675491593287264,0.203325221832741,0.0,0.0001789479713555625,0.0,0.00011136714444247424,0.0,0.00015476820140874646,1.6144518915099262,0.1898499407426822,0.02345918441321722,0.008761239581333851,0.0,5.558568629468137e-05
galore,,128.0,500.0,all,2.0,1.1592770364791904,5.958333333333333,1.2002288329519451e-05,1.1781360260250002,10583204.0,0.7295962168595702,3496.0,1.1974432865778606,159.5490333333333,18.779,2.3506666666666667,1.1714620037608676,10583204.0,0.7254439344406128,0.00037449467095413373,0.31302040002743176,0.0,0.00025589695004030644,0.0,0.00014053026026068248,0.0,0.00026473257426201733,1.5061319674362348,0.1779241411388577,0.02205296654269749,0.0019374525004630177,0.0,5.756546180521797e-05
galore,,128.0,500.0,all,3.0,1.1246233371993588,6.302083333333333,8.002288329519452e-06,1.147934844914872,15874806.0,0.7351548497705038,5244.0,1.1983104546864827,159.6667666666667,18.765333333333334,2.3486666666666665,1.1495849766731263,15874806.0,0.7256185616917081,0.0003623944870488328,0.41614550740496214,0.0,0.0003032594869728064,0.0,9.323823612607337e-05,0.0,0.0005572902878488734,1.7403296967337296,0.20453443067937044,0.026006409466385955,0.0036514120357124466,0.0,0.00021726398193471183
galore,,128.0,500.0,all,4.0,1.1097085517749452,6.541666666666667,4.002288329519451e-06,1.1346335612027179,21166408.0,0.7376160170402716,6992.0,1.200342019399007,159.7653,18.753666666666668,2.3473333333333333,1.1429722807142468,21166408.0,0.7254378512170581,0.00035309409868542754,0.11831059053750566,0.0,0.000497981292130649,0.0,7.744950692199117e-05,0.0,9.258175432778074e-05,1.4256065761632812,0.1677031106847259,0.02084066537645418,0.0028474324343953582,0.0,0.00011079818208487244
galore,,128.0,500.0,all,5.0,1.1047322777370565,6.78125,2.2883295194508013e-09,1.13044804800657,26458010.0,0.7384591819924493,8740.0,1.2011179526646931,159.7525,18.755666666666666,2.3473333333333333,1.1415920610957675,26458010.0,0.7253102717399598,0.00011551602336383133,0.24803918541230538,0.0,0.00030997435963870285,0.0,4.573182651147431e-05,0.0,0.0001360200630465639,1.7909796174161277,0.21154747300153143,0.02650157228040122,8.149059502408878e-05,0.0,8.292071305862872e-05
galore_rsvd,,128.0,200.0,all,1.0,1.2389849001537472,5.5625,1.6002288329519454e-05,1.2492589128326588,5291602.0,0.7178407720056406,1748.0,1.204667369524638,159.76853333333332,18.753,2.3473333333333333,1.2201135618951586,5291602.0,0.7241068226496378,0.00011113369545940585,0.28641098093474,0.0,0.0001710221753648717,0.0,8.390166890544463e-05,0.0,0.0001872543957340988,1.2923119837459245,0.15256801761837183,0.019295940851208716,0.005472734978282352,0.0,7.533476865884901e-05
galore_rsvd,,128.0,200.0,all,2.0,1.161053434207547,5.96875,1.2002288329519451e-05,1.1799566376809398,10583204.0,0.729307512533201,3496.0,1.1977649927139282,159.71033333333332,18.76,2.3480000000000003,1.1739410950872633,10583204.0,0.7254283867941962,0.0003230307132852792,0.40625,0.0,0.00018409148788161426,0.0,0.00010024453362474023,0.0,0.0003517713837540862,1.3527908424192232,0.15951175505272297,0.0196977156035923,0.0034099775712444977,0.0,8.025691935229472e-05
galore_rsvd,,128.0,200.0,all,3.0,1.1269780558361342,6.5,8.002288329519452e-06,1.1502012233189458,15874806.0,0.7347507033295345,5244.0,1.1985820929209392,159.4668,18.788666666666668,2.3516666666666666,1.1516654983096652,15874806.0,0.7255482355223761,0.00014635529717657318,0.5633673867912483,0.0,8.577606946880869e-05,0.0,8.168368780265485e-05,0.0,0.0003470228557002577,1.3139788468617075,0.15524604128071473,0.019139836293273888,0.004112639444984827,0.0,6.547262578121084e-05
galore_rsvd,,128.0,200.0,all,4.0,1.112339977086909,6.479166666666667,4.002288329519451e-06,1.1373127709582596,21166408.0,0.7371561358576963,6992.0,1.200380802154541,159.7188,18.758666666666667,2.3476666666666666,1.1450117826461792,21166408.0,0.7253420526716444,0.0002990052919494248,0.203325221832741,0.0,0.00045014595211223914,0.0,4.023019266333565e-05,0.0,0.00022941712404933769,1.1271275482393435,0.13251540790916883,0.016502525059315487,0.003343179643666356,0.0,6.713350357278366e-05
galore_rsvd,,128.0,200.0,all,5.0,1.107448249077815,6.760416666666667,2.2883295194508013e-09,1.133125112801904,26458010.0,0.7379609657143201,8740.0,1.2011097272237141,159.79676666666668,18.749666666666666,2.347,1.1435957776175605,26458010.0,0.7252510476642184,0.0001959418633350755,0.32526031241658315,0.0,0.00012521904412063963,0.0,7.786405703198836e-05,0.0,0.00014424384789565078,1.2262153821141384,0.14413997826187278,0.01808314132002501,0.0002028716454978019,0.0,9.132012528476151e-05
galore_rsvd,,128.0,500.0,all,1.0,1.2388537048293287,5.5,1.6002288329519454e-05,1.2489605875050722,5291602.0,0.7178464077248271,1748.0,1.204123854637146,162.63143333333335,18.429,2.3066666666666666,1.2209183622466193,5291602.0,0.724109261141883,0.0002633356830166383,0.23593232610221093,0.0,0.0002139966425566313,0.0,0.00012529782571862755,0.0,9.895922068165828e-05,3.864877403402769,0.44245112724458135,0.055410588639116215,0.008015509499594314,0.0,6.257782951057062e-05
galore_rsvd,,128.0,500.0,all,2.0,1.1592456343335835,5.958333333333333,1.2002288329519451e-05,1.178187772927168,10583204.0,0.729622663124475,3496.0,1.1973131895065308,162.69303333333332,18.422666666666668,2.3059999999999996,1.1720005662176345,10583204.0,0.7255311924086677,0.0003426832289566312,0.41965077246841026,0.0,0.0002886237330624892,0.0,0.00012135669395504746,0.0,0.0001346639232537292,4.070602307194038,0.4668804272330681,0.05802585630561581,0.001847606518791826,0.0,7.210110073739974e-05
galore_rsvd,,128.0,500.0,all,3.0,1.12477215403914,6.427083333333333,8.002288329519452e-06,1.1480984891033827,15874806.0,0.7351279806581551,5244.0,1.1982574462890625,162.58753333333334,18.43433333333333,2.3073333333333332,1.149875036769443,15874806.0,0.725671326160431,0.00042631907239345834,0.5061471088856809,0.0,0.00038510886968008196,0.0,0.00011052948738432918,0.0,0.00035196851108017376,4.00603816049392,0.45953273369079184,0.057274194305405396,0.003228432003432081,0.0,7.080209052772134e-05
galore_rsvd,,128.0,500.0,all,4.0,1.1099577437458286,6.541666666666667,4.002288329519451e-06,1.1348044247026212,21166408.0,0.7376069619649245,6992.0,1.2003308137257893,162.60799999999998,18.43166666666667,2.307,1.1432220287322998,21166408.0,0.7254292912483216,0.0004360382464243997,0.09547032697824664,0.0,0.0005440018294715605,0.0,2.4318719067220504e-05,0.0,0.00017018880032762738,3.8924928015347717,0.44582545164373033,0.05597320787662612,0.002982391249149708,0.0,5.816459347608001e-05
galore_rsvd,,128.0,500.0,all,5.0,1.1050142452609528,6.6875,2.2883295194508013e-09,1.1307051469132157,26458010.0,0.738439063492574,8740.0,1.2011293570200603,162.71703333333332,18.419666666666668,2.3056666666666668,1.1418220590485466,26458010.0,0.7253147481282552,0.00012525595022231734,0.30136408628102984,0.0,0.00028377409912101395,0.0,1.8943222848453895e-05,0.0,2.7599546579561296e-05,3.964755342178559,0.4539441962767369,0.05669509091035443,0.00012672862740722456,0.0,4.2080810860462844e-05
lora,8.0,,,all,1.0,1.2383058782209428,0.4758249918619792,0.00016002288329519454,1.2479452097988784,5291602.0,0.7181541341165838,1748.0,1.198566198348999,225.33036666666666,13.363999999999999,1.6726666666666665,1.2045753179126315,5291602.0,0.7254646148151821,0.0001280098896041389,0.03634893288185206,0.0,2.2630409011895813e-05,0.0,8.758690131968077e-05,0.0,0.000565392405769251,20.168044996065777,1.1371495064414356,0.14260902262246,0.019325909243289825,0.0,0.0003641317384561478
lora,8.0,,,all,2.0,1.1207383866531988,0.7178491751352946,0.00012002288329519453,1.137417084178699,10583204.0,0.7358807947211007,3496.0,1.1907277901967366,225.60563333333334,13.351666666666667,1.6713333333333331,1.1443617131974964,10583204.0,0.7279136377970378,0.00039768248136023076,0.05781293589180545,0.0,0.00027358968554833227,0.0,0.00015870653876334814,0.0,0.0006623067439695542,20.831619977652558,1.1706162194901166,0.1466503778833634,0.012342046501587604,0.0,0.00022599951391778496
lora,8.0,,,all,3.0,0.9762414951164425,0.9089997609456381,8.002288329519452e-05,1.0083400562894334,15874806.0,0.760444300352936,5244.0,1.212803562482198,224.1264,13.428333333333333,1.6806666666666665,1.0598051801787483,15874806.0,0.7276621024873521,0.0005911711239913785,0.08325905414890082,0.0,0.0006694564599221812,0.0,0.00015924276770348258,0.0,0.0006926873553770686,18.909915901187944,1.0806115552469973,0.13485671408325703,0.0021064120206459843,0.0,0.000198870867568801
lora,8.0,,,all,4.0,0.8302399775710931,1.2773271004358928,4.0022883295194505e-05,0.883278683384896,21166408.0,0.7888914339534204,6992.0,1.2642038663228352,225.15330000000003,13.376333333333335,1.6746666666666667,0.9856286461618211,21166408.0,0.7252491589652168,0.0009376114014235997,0.029036345851651605,0.0,0.0009997962498144485,0.0,0.00020691383979184812,0.0,0.0011500036587231697,20.43811283925207,1.153662140027719,0.14442414387259958,0.008074322525553634,0.0,0.00023503017547478981
lora,8.0,,,all,5.0,0.7056703196510297,1.499140739440918,2.2883295194508016e-08,0.7785171709051122,26458010.0,0.8161954824179752,8740.0,1.329189419746399,225.1478,13.375,1.6740000000000002,0.9243952305052016,26458010.0,0.7216111294958326,0.0009227446335519459,0.07985607284407954,0.0,0.0008732774473384068,0.0,0.00023372386807239296,0.0,0.00013662981227956,20.213392292982395,1.1416146460167715,0.14291605927956455,0.0022907046905802655,0.0,0.00027658109248701417
lora,8.0,,,attn,1.0,1.2540264580651697,0.3578108449776967,0.00016002288329519454,1.2652092138085085,5291602.0,0.7159240820269653,1748.0,1.2183281977971394,179.19123333333334,16.719666666666665,2.093,1.231026575724284,5291602.0,0.7223860724237229,0.00020752797686727844,0.019545676344312337,0.0,0.00018611092995614157,0.0,3.414460806360962e-05,0.0,0.00020555277996138266,0.8139969307886459,0.07587050371081608,0.009539392014169245,0.016382076962106876,0.0,6.784331300303008e-05
lora,8.0,,,attn,2.0,1.195888958661089,0.4988093574841817,0.00012002288329519453,1.210671312146565,10583204.0,0.7244224292030778,3496.0,1.2070906162261963,178.91216666666665,16.746,2.096,1.200741216447618,10583204.0,0.7247372590170965,0.0002904636206548616,0.011473707106011113,0.0,0.00021179524295457446,0.0,6.067495601828534e-05,0.0,5.275021165094562e-05,0.8031636217691432,0.0756240702422177,0.009539392014169569,0.008543376913791137,0.0,0.00015890852056768914
lora,8.0,,,attn,3.0,1.1440789799577493,0.8024363319079081,8.002288329519452e-05,1.1631018085665232,15874806.0,0.7325378412012832,5244.0,1.2092745304107666,178.63736666666668,16.772000000000002,2.0993333333333335,1.1638707693947687,15874806.0,0.7249107080035739,0.000311164887430602,0.3823171620524287,0.0,0.00020315121424624834,0.0,3.673944168600597e-05,0.0,7.335498857450633e-05,1.065714287852653,0.10063796500327528,0.01274100990241074,0.005605918155997094,0.0,0.00010940916597899236
lora,8.0,,,attn,4.0,1.0986249445050296,0.7360166112581888,4.0022883295194505e-05,1.1223538269485616,21166408.0,0.7400603153317326,6992.0,1.218826413154602,179.02536666666666,16.735666666666667,2.094333333333333,1.1322862730556065,21166408.0,0.7243019366264343,0.0004566055752088598,0.029990381763799086,0.0,0.0003126607931471247,0.0,2.073015327035627e-05,0.0,0.0007482505018595259,0.7940527711262833,0.0742316194982541,0.00929157324317763,0.004944750712030221,0.0,0.00011486635536784632
lora,8.0,,,attn,5.0,1.0633224382553275,0.8783736824989319,2.2883295194508016e-08,1.0912982771794002,26458010.0,0.7461588140278713,8740.0,1.2297743161519368,178.87496666666667,16.749333333333336,2.0963333333333334,1.1147536613146463,26458010.0,0.7233180747032165,0.00038657763749031833,0.03682473991074278,0.0,0.000556480256698135,0.0,8.28694868458964e-05,0.0,0.00027348399450252296,0.8117674933953194,0.07593637687783984,0.009237604307034084,0.001161086227417258,0.0,0.0001849084232786559
lora,16.0,,,all,1.0,1.238256994228523,0.5605344176292419,0.00016002288329519454,1.24629709385989,5291602.0,0.7181511953939107,1748.0,1.1983353694279988,215.88616666666667,13.877666666666668,1.7373333333333332,1.205190484046936,5291602.0,0.7256154038641188,0.00014413695088362916,0.02870384967565312,0.0,8.051111211580869e-05,0.0,3.260444937503279e-05,0.0,0.0008035705389420269,0.48099855855638785,0.03061590000854688,0.004041451884327287,0.02687120419572447,0.0,0.0003684125864499356
lora,16.0,,,all,2.0,1.0833516299133532,0.9413717985153198,0.00012002288329519453,1.100930683263652,10583204.0,0.7419069430625321,3496.0,1.19091792901357,215.88036666666667,13.878,1.737,1.1295313680436876,10583204.0,0.7285489169226752,0.0005321061072445244,0.2231094251287382,0.0,0.0006096003659465964,0.0,0.0001003206923902463,0.0,0.0011624265574925426,0.8231176120903549,0.05322593352868566,0.0070000000000000895,0.025396271672832538,0.0,0.00017614851405430422
lora,16.0,,,all,3.0,0.8783040923257532,1.1206812063852947,8.002288329519452e-05,0.9194056108582576,15874806.0,0.7785169092368571,5244.0,1.2297018766403198,215.49416666666664,13.903,1.7400000000000002,1.0053042349285548,15874806.0,0.7282771918508741,0.0004665932032990211,0.13402854537032935,0.0,0.0003968882039655253,0.0,8.115877179649305e-05,0.0,0.0031070868759260906,0.5459386076596374,0.035369478367654396,0.004582575694955801,0.003210817395756091,0.0,0.0001374863223963145
lora,16.0,,,all,4.0,0.6597726270499619,1.644122838973999,4.0022883295194505e-05,0.731088941222061,21166408.0,0.825032107867329,6992.0,1.3183970053990681,215.69899999999998,13.89,1.7386666666666668,0.891719822883606,21166408.0,0.7254175765779284,0.00035647114305821596,0.09048728324684616,0.0,0.00034382256445152,0.0,0.00010347005408913119,0.0,0.007271924573455346,0.5748187453450032,0.03726929030716825,0.004618802153516994,0.012169165092278113,0.0,0.00045099167402721515
lora,16.0,,,all,5.0,0.4843956243891829,1.6648283004760742,2.2883295194508016e-08,0.5771238964355055,26458010.0,0.8682843743390841,8740.0,1.4351958433787029,216.1436666666667,13.860999999999999,1.7346666666666668,0.7990087005297344,26458010.0,0.7210763438012865,0.00044902403896196355,0.06253616989468998,0.0,0.0004930561646038258,0.0,0.00016501117549713476,0.0,0.0010388844688331747,0.7696342269762422,0.049274739979020224,0.006027713773341746,0.0005527200579034706,0.0,0.00028844828000131316
lora,16.0,,,attn,1.0,1.2499364042536707,0.4121937354405721,0.00016002288329519454,1.2612313236401882,5291602.0,0.7165547341767565,1748.0,1.2146402994791667,179.81136666666666,16.663,2.0856666666666666,1.2259870218700832,5291602.0,0.7228883830176459,0.00020339142744747263,0.030152708303794757,0.0,0.000118892435243909,0.0,9.8023915565248e-05,0.0,0.0004490687882183002,1.6613749315953166,0.1540097399517302,0.019502136635080283,0.024886782975696953,0.0,0.00015521836740984744
lora,16.0,,,attn,2.0,1.1756216554037948,0.5732612609863281,0.00012002288329519453,1.191312616354268,10583204.0,0.7275752113644719,3496.0,1.2035516103108723,179.78480000000002,16.665666666666667,2.086,1.1849067957136368,10583204.0,0.7253865196969774,0.0001720341435381763,0.020941586532200244,0.0,0.00022331200793296977,0.0,6.494350671355883e-05,0.0,0.0004877951681107106,1.7781052246703646,0.16444553302942996,0.020663978319771563,0.01315507424049896,0.0,0.00015039667922511207
lora,16.0,,,attn,3.0,1.0976867210219419,0.6806095242500305,8.002288329519452e-05,1.1201235966474206,15874806.0,0.7400811572596829,5244.0,1.2093860308329265,179.56816666666668,16.685666666666666,2.0883333333333334,1.1356966648101807,15874806.0,0.7254490822156271,0.000407066092875387,0.06234289146514504,0.0,0.00045595241425448,0.0,9.37625581035102e-05,0.0,0.0001800882838896047,1.9450021191076663,0.18036999011291774,0.022546248764114655,0.0021911080147649004,0.0,0.00011337288004334776
lora,16.0,,,attn,4.0,1.0236514023839745,1.0353673696517944,4.0022883295194505e-05,1.0544911996609923,21166408.0,0.7529595843328036,6992.0,1.2288179794947307,179.79623333333333,16.66433333333333,2.0856666666666666,1.0866332601971098,21166408.0,0.7244609586397807,0.0005123655227543267,0.14338635592991747,0.0,0.0004096745104081639,0.0,0.00012126397078272616,0.0,0.0019714118764824805,1.7908716322878537,0.16604918949917705,0.02050203241957567,0.006728566851142401,0.0,0.00011777409733622281
lora,16.0,,,attn,5.0,0.9623463133834501,1.050214449564616,2.2883295194508016e-08,1.001287214554602,26458010.0,0.7643017469359026,8740.0,1.2529004017512004,179.74793333333332,16.668333333333333,2.0863333333333336,1.0552875045140586,26458010.0,0.7226277236408657,0.00032144043362385014,0.03657415833531682,0.0,0.00043930033459568167,0.0,3.406328590162986e-05,0.0,0.0006312224786979458,1.6277566351679702,0.15100441494649555,0.018502252115170575,0.001459503304242171,0.0,0.00025597174339121487
lora,32.0,,,all,1.0,1.2439793543811974,0.7277573148409525,0.00016002288329519454,1.2491096725884874,5291602.0,0.7173207859834762,1748.0,1.203492800394694,214.27533333333335,13.982333333333335,1.75,1.220447558508979,5291602.0,0.7250019356409708,0.00016537471921469898,0.041337199581103955,0.0,0.00019263682557169528,0.0,6.183012987339944e-05,0.0,0.000560371530690178,1.1598935310334961,0.07579797710581278,0.009539392014169373,0.01602265373169941,0.0,0.0002903907530040634
lora,32.0,,,all,2.0,1.043562061999428,1.0145849386850994,0.00012002288329519453,1.0616165903303845,10583204.0,0.74832755356777,3496.0,1.1961987813313801,214.0995,13.994,1.7513333333333332,1.1218595571517944,10583204.0,0.7284620794190301,0.0015780932669068285,0.09647055065798579,0.0,0.0014156722332966595,0.0,0.0003383011956897986,0.0,0.0006878475209704432,0.8666880580693351,0.05640035460881385,0.007234178138070135,0.025040453519689178,0.0,0.00034871696228342406
lora,32.0,,,all,3.0,0.7681399650195462,1.3733617067337036,8.002288329519452e-05,0.8189260729685892,15874806.0,0.8001268962632601,5244.0,1.259505828221639,214.23883333333333,13.984666666666667,1.750333333333333,0.9317045845985413,15874806.0,0.7289963799582587,0.0016274648830107773,0.12228505734522101,0.0,0.0013937408983414115,0.0,0.0003131468505914625,0.0,0.004049468103587197,0.9930699085831565,0.0646709620566551,0.008082903768654639,0.008158690164932973,0.0,0.0003575047105281694
lora,32.0,,,all,4.0,0.4800208795170671,1.8010367552439372,4.0022883295194505e-05,0.5643850552965265,21166408.0,0.8670451646083915,6992.0,1.3979001839955647,214.28186666666667,13.981666666666667,1.750333333333333,0.7867896298832363,21166408.0,0.7259166499243843,0.0015804679172020748,0.08776499552210269,0.0,0.001982868047479698,0.0,0.00048192020487594514,0.0,0.0004820681632204171,1.0587257687113,0.06908207678792919,0.008962886439832417,0.004333207908781652,0.0,0.00023237052377701956
lora,32.0,,,all,5.0,0.2713609952948459,1.7586126724878948,2.2883295194508016e-08,0.3639358427179487,26458010.0,0.9240504948921008,8740.0,1.595334808031718,214.51203333333333,13.967,1.7483333333333333,0.6550924696657393,26458010.0,0.7215782347785101,0.0008375047954177765,0.03278618516549545,0.0,0.0010761794580390052,0.0,0.0002642284935333607,0.0,0.002581243639139327,0.9862581119226932,0.06421059102671466,0.008082903768654608,0.001794589069443351,0.0,0.00015292839122933412
lora,32.0,,,attn,1.0,1.2481756959590722,0.46855176488558453,0.00016002288329519454,1.2591650460532018,5291602.0,0.7168531274972846,1748.0,1.2126978635787964,179.1344,16.724666666666668,2.093666666666667,1.2242638262112935,5291602.0,0.7233639515770807,0.00024513506980671196,0.013548302153303547,0.0,0.00011762404720321078,0.0,4.579498085748973e-05,0.0,0.001649572469080497,0.5054334773241693,0.04717343885422639,0.006027713773341551,0.02291206128306326,0.0,0.0005451112483913766
lora,32.0,,,attn,2.0,1.152236600944234,0.703699549039205,0.00012002288329519453,1.16908960551319,10583204.0,0.7312251020259843,3496.0,1.2022102276484172,178.76713333333336,16.759666666666664,2.0980000000000003,1.1713780562612746,10583204.0,0.7260077831480238,0.0006257901443404746,0.06033655885403608,0.0,0.000576409123961888,0.0,0.00010583644949398393,0.0,0.0007003587289781994,0.7963803258075446,0.07496888243353503,0.00953939201416947,0.022392546420973325,0.0,0.0002662325015943159
lora,32.0,,,attn,3.0,1.0399117080607003,0.8465863863627116,8.002288329519452e-05,1.0674396449263819,15874806.0,0.7496903515062107,5244.0,1.213803768157959,178.7116,16.764666666666667,2.098333333333333,1.1014715758959452,15874806.0,0.7263691039085388,0.0009606926198396029,0.10108015189260294,0.0,0.0010292929610730556,0.0,0.00025748495681228873,0.0,0.00024321534888564875,0.6294745983754981,0.058799092963525104,0.007767453465154143,0.003037939842873454,0.0,0.00018313124520971286
lora,32.0,,,attn,4.0,0.924783504436618,1.178033987681071,4.0022883295194505e-05,0.9662239093825074,21166408.0,0.7708496309981648,6992.0,1.2468957503636677,178.9872,16.739,2.095,1.0332650085025363,21166408.0,0.724720142894321,0.0009617310635081601,0.08661768442675293,0.0,0.0011001552156712903,0.0,0.00012307480758843808,0.0,0.0012575473461763976,0.6074018521538956,0.0570876519047659,0.007000000000000188,0.002340615818019159,0.0,0.00013734488929730926
lora,32.0,,,attn,5.0,0.8224699600883151,1.3432019154230754,2.2883295194508016e-08,0.8779377420379587,26458010.0,0.7916595935139558,8740.0,1.2948946952819824,201.43443333333335,14.873666666666667,1.8613333333333333,0.9764104096624586,26458010.0,0.7216486405266656,0.0010970666040049362,0.03139477042412146,0.0,0.0008994093695023701,0.0,0.00023770032385487418,0.0,0.002042069998056251,0.7037226821222571,0.052156814831174604,0.006506407098647716,0.0017554158261195506,0.0,0.0003111310959707323
lora,64.0,,,all,1.0,1.2617632577111937,0.8699943025906881,0.00016002288329519454,1.2626345398360586,5291602.0,0.7146377985619298,1748.0,1.22098970413208,217.93106666666665,13.748,1.7206666666666666,1.2320376450750563,5291602.0,0.7223719622823928,7.625318711162954e-05,0.04442946852271236,0.0,3.919893097825649e-05,0.0,6.596425425009206e-05,0.0,0.0002715722364125255,1.0952969338646665,0.06915923654870612,0.008621678104251618,0.006689615971675323,0.0,0.00037209895194442163
lora,64.0,,,all,2.0,1.013106450154343,1.2270641326904297,0.00012002288329519453,1.0304508303000126,10583204.0,0.7531883697260616,3496.0,1.2148642539978027,217.5710333333333,13.770000000000001,1.7236666666666667,1.1007438420189752,10583204.0,0.7271581226454842,0.0005899905114481993,0.08968982205269538,0.0,0.0005115652287024298,0.0,0.00011044899297960914,0.0,0.0010958680074025524,0.7954281949574848,0.05047771785649551,0.006027713773341701,0.0297030747020753,0.0,0.0005279721257121053
lora,64.0,,,all,3.0,0.6597878741999785,1.5870842536290486,8.002288329519452e-05,0.7202729860123198,15874806.0,0.8225755456474153,5244.0,1.3030402263005574,217.64206666666666,13.766,1.723,0.8797981988059149,15874806.0,0.7284825917879741,0.0006681578613634558,0.21959592393453126,0.0,0.0006479282834592878,0.0,0.00022399369564925862,0.0,0.006971892219505545,0.873274998687889,0.055217750769114206,0.0070000000000000895,0.013760986110829194,0.0,0.00022332777838721926
lora,64.0,,,all,4.0,0.3317489914999583,1.8295355637868245,4.0022883295194505e-05,0.4176867826721716,21166408.0,0.9048934751094343,6992.0,1.500010093053182,217.79226666666668,13.756333333333332,1.7220000000000002,0.6894024692376455,21166408.0,0.7261287429067824,0.0005401409112602546,0.07605571341307946,0.0,0.000678985380798732,0.0,0.0001513517781841577,0.0,0.007434518193378959,0.7354208681655307,0.04669403959108042,0.006082762530298271,0.006528261890829653,0.0,7.925991728284036e-05
lora,64.0,,,all,5.0,0.1345547720460288,1.4365406036376953,2.2883295194508016e-08,0.2026338443233938,26458010.0,0.962555173923731,8740.0,1.7814199924468994,217.64963333333333,13.765333333333333,1.7226666666666668,0.5279406237867144,26458010.0,0.7236792171796163,0.00027954213755935527,0.1532419695448508,0.0,0.00037665136544516706,0.0,8.602646004604808e-05,0.0,0.004767981499869233,1.0595117381762735,0.06703978918025719,0.008504900548115474,0.002622287703521151,0.0,0.00011484215226384961
lora,64.0,,,attn,1.0,1.2504286427792477,0.5966565410296122,0.00016002288329519454,1.2609000264870858,5291602.0,0.716601501545044,1748.0,1.2146823406219482,180.3629,16.611666666666668,2.079333333333333,1.2278451249334548,5291602.0,0.7233349769910177,0.00020383169009233264,0.03736116010613297,0.0,4.387404536335096e-05,0.0,6.246027925962756e-05,0.0,0.00020754398935260467,1.335210691239403,0.12371068399024167,0.015373136743466879,0.029605186116896755,0.0,0.00010917301742422123
lora,64.0,,,attn,2.0,1.1295247256164782,0.8857408364613851,0.00012002288329519453,1.1476190828758737,10583204.0,0.7348141582479557,3496.0,1.2044677734375,179.9012,16.654333333333334,2.0846666666666667,1.1552564414872064,10583204.0,0.7261400649812487,0.0005787432154245922,0.012006512725332564,0.0,0.0003880040703402637,0.0,0.0002060645964408091,0.0,0.0011171422327308392,1.3970523003810615,0.1301242995498267,0.015947831618541148,0.02117585039339091,0.0,0.00029713015886162394
lora,64.0,,,attn,3.0,0.9769134405093917,1.0348522067070007,8.002288329519452e-05,1.0107856411728398,15874806.0,0.7607876348595507,5244.0,1.2228238979975383,179.87833333333333,16.656333333333333,2.085,1.058839406914181,15874806.0,0.726748641649882,0.0006493574149916348,0.1499814177064824,0.0,0.0005675000448367694,0.0,0.00036839204964484823,0.0,0.0032091828946019555,1.5074137465650674,0.1400583211856174,0.01743559577416266,0.007954954664403652,0.0,0.0003401208192893837
lora,64.0,,,attn,4.0,0.8082598024974971,1.4140937725702922,4.0022883295194505e-05,0.8636308490638965,21166408.0,0.7934388410694995,6992.0,1.2775331735610962,180.01739999999998,16.643333333333334,2.0833333333333335,0.9648631800545586,21166408.0,0.7248650798797608,0.0008079549431240961,0.11201572327411512,0.0,0.0008257433903564349,0.0,0.00016463782844800735,0.0,0.0008873158229741391,1.48161270580405,0.13746757193364992,0.017039170558842912,0.002529036860037278,0.0,3.9565902643538566e-05
lora,64.0,,,attn,5.0,0.6536666672253408,1.586926539738973,2.2883295194508016e-08,0.7298770048389173,26458010.0,0.8278296916744893,8740.0,1.3623805443445842,179.9588666666667,16.649,2.084,0.8820488974253337,26458010.0,0.7207453159226311,0.0004730293174173166,0.03851944842221128,0.0,0.00047801336274863767,0.0,0.00015419740402527476,0.0,0.0009591145714639455,1.3219356653533971,0.12304877081872925,0.01493318452306811,0.0017573645238131736,0.0,0.00011562213324561184
lora,128.0,,,all,1.0,1.3012037939192411,1.0857242743174236,0.00016002288329519454,1.2966156348324658,5291602.0,0.7088690330675774,1748.0,1.262211759885152,223.43290000000002,13.410333333333334,1.6786666666666665,1.2637886797587077,5291602.0,0.7161875387827555,0.0005728206248998224,0.019741166640561886,0.0,0.0005254199119578484,0.0,0.00015182601999128264,0.0,0.0007124035346445868,2.7978390572011023,0.16809620261425742,0.021126602503321077,0.030760060745384697,0.0,0.00042915471799988975
lora,128.0,,,all,2.0,1.0033544661160374,1.5047283967336018,0.00012002288329519453,1.0174003050674654,10583204.0,0.7545125572100383,3496.0,1.2483617464701335,222.6155,13.459333333333333,1.6846666666666668,1.0809311518139308,10583204.0,0.7238590371873643,0.000946534190298678,0.11630316366346613,0.0,0.0004835694082117143,0.0,0.0001018070921775409,0.0,0.0015673449632265422,2.25602202781799,0.13659550993108613,0.017473789896108264,0.024855541812753186,0.0,0.00028387187545692087
lora,128.0,,,all,3.0,0.5920813798358839,1.7813893953959148,8.002288329519452e-05,0.6577468265237288,15874806.0,0.8370299886011332,5244.0,1.3566313187281291,222.40560000000002,13.471666666666666,1.686,0.8375998132493762,15874806.0,0.7264141005410089,0.001713893456638029,0.19713155114696185,0.0,0.0013241457243784586,0.0,0.0005536039653492523,0.0,0.007719726858983254,1.620236171056553,0.09856131763188554,0.012165525060596413,0.014468537492768111,0.0,0.0003266306231833062
lora,128.0,,,all,4.0,0.24717357993398706,1.9472081263860066,4.0022883295194505e-05,0.3252742575051037,21166408.0,0.927789096519476,6992.0,1.5990009307861328,222.1380333333333,13.487666666666668,1.688,0.622461702187856,21166408.0,0.7250399745835199,0.0008311714028386223,0.16548931638067005,0.0,0.00045245671660453754,0.0,0.00046419836624203635,0.0,0.002543757751157718,1.6190261774700678,0.09901683358567577,0.012124355652982071,0.004892234069363518,0.0,0.00026547645014900613
lora,128.0,,,all,5.0,0.08432399653733731,1.0624424020449321,2.2883295194508016e-08,0.1293258687025213,26458010.0,0.977148120340548,8740.0,1.897876461346944,222.47893333333332,13.466999999999999,1.6856666666666669,0.4608448830710517,26458010.0,0.7250782536400688,0.0004824291419218731,0.06384703624203335,0.0,0.0011593459410342137,0.0,0.0002847007462607339,0.0,0.008611793157185663,1.8343286955541345,0.11139569111954094,0.014224392195567872,0.003080998645300832,0.0,8.164023480452711e-05
lora,128.0,,,attn,1.0,1.2609169128557636,0.7181020776430765,0.00016002288329519454,1.2705618835400299,5291602.0,0.7152826557579521,1748.0,1.2253965536753337,181.1181,16.542333333333335,2.0703333333333336,1.2413106362554762,5291602.0,0.7217744574546815,0.0005216329957386803,0.0491201181001493,0.0,0.00045880992501565193,0.0,5.371026468290118e-05,0.0,0.0024777312196521107,1.3392252723123217,0.12190296687666474,0.015044378795195726,0.020612202768591156,0.0,0.0005058176601913424
lora,128.0,,,attn,2.0,1.114429697928585,1.0014634331067402,0.00012002288329519453,1.1336259125617512,10583204.0,0.7373364082417536,3496.0,1.2136286497116089,180.7811,16.573,2.074666666666667,1.1412792551782396,10583204.0,0.7254173080656264,0.000310492958492753,0.05523451095594444,0.0,8.052711365382651e-05,0.0,4.7125625746975774e-05,0.0,0.0025454635659564917,1.3594152272208722,0.12428596059088957,0.015373136743467082,0.026250365719960606,0.0,0.0004149435205001885
lora,128.0,,,attn,3.0,0.9199671508882176,1.2223023176193237,8.002288329519452e-05,0.9609336570916879,15874806.0,0.770853626032443,5244.0,1.239471157391866,180.47293333333334,16.601666666666667,2.078333333333333,1.0194187790022955,15874806.0,0.726629873169793,0.0004964744746613124,0.2677460476545171,0.0,0.00029872486952523913,0.0,4.294745567200641e-05,0.0,0.004367399976079177,1.552322589970705,0.1422896107708989,0.01767295485574901,0.013726918001933324,0.0,0.00037392972056756504
lora,128.0,,,attn,4.0,0.6887158845600329,1.6615774234135945,4.0022883295194505e-05,0.7598645048717522,21166408.0,0.8183676377677628,6992.0,1.3250608841578166,180.7663,16.57466666666667,2.074333333333333,0.8955821279419793,21166408.0,0.7245150257746378,0.0006463395219197124,0.1163761386702917,0.0,0.0004630140437843852,0.0,9.490858890669604e-05,0.0,0.0009632842667342068,1.5598814025431518,0.1425809711473929,0.0177857620959391,0.0015133399686132706,0.0,0.000164005363491249
lora,128.0,,,attn,5.0,0.48347562765184016,1.8299758036931355,2.2883295194508016e-08,0.5770377684796612,26458010.0,0.8681534998954298,8740.0,1.4593009154001872,180.5755333333333,16.592,2.0766666666666667,0.7764328094588385,26458010.0,0.7202600827746921,0.0005610754430433603,0.01829287794645342,0.0,0.0006131956014315188,0.0,7.911048509354839e-05,0.0,0.0017096011665035228,1.6046849732372304,0.14685707337408047,0.018339392937972016,0.001734944777124622,0.0,0.0001780654119659026
qdora,8.0,,,all,1.0,1.2475900191736986,0.4791666666666667,0.00016002288329519454,1.2564387812494413,5291602.0,0.7168609243451777,1748.0,1.2056808471679688,318.83736666666664,9.452666666666667,1.1833333333333333,1.2119596921602884,5291602.0,0.7245960657331678,0.00015960033413807913,0.01876762409557236,0.0,0.00020029065723491465,0.0,6.726967191178018e-05,0.0,0.0006659401912475024,30.953857602944005,0.869225133859654,0.10854645702800872,0.017313480597952652,0.0,0.00020318629792040758
qdora,8.0,,,all,2.0,1.1284463680217867,0.73828125,0.00012002288329519453,1.1452395547263774,10583204.0,0.7349325709221111,3496.0,1.1951402425765991,317.6813333333334,9.487,1.1873333333333334,1.1479829994837443,10583204.0,0.7273087043762207,0.0009396242489468139,0.09235617513700695,0.0,0.0007921751581290985,0.0,0.00017214802400862935,0.0,0.0003962677269255268,30.7625087582813,0.8704556278179832,0.108656952531043,0.006797325325741067,0.0,0.0001304564141037949
qdora,8.0,,,all,3.0,0.9985471677452803,0.9010416666666666,8.002288329519452e-05,1.0294477199548806,15874806.0,0.7570310991788801,5244.0,1.213761607805888,318.31283333333334,9.471666666666666,1.1856666666666666,1.071357807636261,15874806.0,0.7269677387873331,0.0010336084092369944,0.08640968761998469,0.0,0.0010656808980790632,0.0,0.0002595261794880141,0.0,0.0012245989887383277,31.70175912095941,0.8922053201664588,0.11150037369145155,0.008437395328428705,0.0,0.0001294773088750785
qdora,8.0,,,all,4.0,0.8882072442910945,1.140625,4.0022883295194505e-05,0.9350447187684675,21166408.0,0.77825069941245,6992.0,1.2506566445032756,317.96139999999997,9.478,1.1863333333333335,1.0193253657552932,21166408.0,0.7246485225359599,0.0012080246395884974,0.0390625,0.0,0.0013358275938576121,0.0,0.00028613903927548985,0.0,0.0012455598653418004,30.624566820936423,0.8646548444321582,0.10858330135584082,0.001544841194733918,0.0,9.697060478769836e-05
qdora,8.0,,,all,5.0,0.8242338109252837,1.2890625,2.2883295194508016e-08,0.8817009134637228,26458010.0,0.7917976957368632,8740.0,1.2815204858779907,318.30173333333335,9.468666666666666,1.1853333333333333,0.9892738774617512,26458010.0,0.7223861637645298,0.0007895246353029281,0.10216169398923454,0.0,0.0007806391575334146,0.0,0.00020394457450392315,0.0,0.001089236336076896,30.891635583493024,0.8701496039953895,0.10941815815180471,0.0009114092042665133,0.0,0.0002038069093859654
qdora,16.0,,,all,1.0,1.2466197883146215,0.5859375,0.00016002288329519454,1.2540492987150822,5291602.0,0.7170068270361306,1748.0,1.2039313316345215,297.1231666666667,10.083666666666666,1.2619999999999998,1.209236279964447,5291602.0,0.7248160428471034,0.0003103872735477692,0.04752158226795484,0.0,0.00022758575075230555,0.0,0.00011665095797363106,0.0,0.0012027421517128635,1.8872802688878232,0.06404946005497249,0.008185352771872502,0.025997842841354014,0.0,0.0002808395043642566
qdora,16.0,,,all,2.0,1.0871285933924486,0.9036458333333334,0.00012002288329519453,1.1053722001822461,10583204.0,0.7415804066656202,3496.0,1.1931843360265095,297.1317666666667,10.083666666666666,1.262,1.125088325076633,10583204.0,0.7283172725571526,0.000659864961357478,0.16055273585206617,0.0,0.0006857892939774087,0.0,3.8178108568689025e-05,0.0,0.0008263253320808797,2.222108337442921,0.07519530127164416,0.00916515138991164,0.015443136054436904,0.0,0.00018643998792300257
qdora,16.0,,,all,3.0,0.8958192035317148,1.1067708333333333,8.002288329519452e-05,0.9364168145541104,15874806.0,0.7757996205016005,5244.0,1.2271984815597534,297.14373333333333,10.083,1.2616666666666665,1.0173260245323181,15874806.0,0.7279054644372728,0.001130963520388492,0.09768228819537009,0.0,0.0010686206821049215,0.0,0.00023581485897703397,0.0,0.0006157033324442762,2.2248492990163053,0.0752263251794205,0.009451631252505194,0.0033914074021453395,0.0,0.00015593290716452895
qdora,16.0,,,all,4.0,0.7156515230576016,1.5078125,4.0022883295194505e-05,0.7825801825359702,21166408.0,0.8139710400642829,6992.0,1.2996265490849812,296.9602,10.089333333333334,1.2626666666666668,0.927882803493076,21166408.0,0.7245478778945076,0.0014399042620305282,0.10216169398923454,0.0,0.0013990158590012904,0.0,0.00035404166608478003,0.0,0.002164956088358806,2.276460825492066,0.07730674830396837,0.009451631252505194,0.0034420131033301845,0.0,0.0001863884575585419
qdora,16.0,,,all,5.0,0.6149469836807543,1.6067708333333333,2.2883295194508016e-08,0.6973489117840609,26458010.0,0.8380087444474914,8740.0,1.3569579124450684,297.0894333333333,10.084999999999999,1.2626666666666666,0.8854373236762152,26458010.0,0.7211735339694553,0.0014659906864036192,0.06266254903914568,0.0,0.0012054657079401724,0.0,0.0003709891276295845,0.0,0.0015032664208550364,1.803193124247459,0.06102458520956936,0.007767453465153974,0.002438827844434718,0.0,0.0002592145211736378
qdora,32.0,,,all,1.0,1.2512432828738798,0.7265625,0.00016002288329519454,1.255927534479844,5291602.0,0.7163022073862391,1748.0,1.2068023681640625,300.5008,9.969999999999999,1.248,1.222128407160441,5291602.0,0.7244665330780876,0.00041191218461213006,0.04800080362283011,0.0,0.0004068047042017753,0.0,0.00013045423416017864,0.0,0.0002690123167402085,0.8857273677605428,0.02954657340538815,0.003605551275464008,0.018569209377741553,0.0,0.00036658698298741056
qdora,32.0,,,all,2.0,1.0427320583643211,0.98046875,0.00012002288329519453,1.0622185195997231,10583204.0,0.748893837918315,3496.0,1.1953154007593791,300.3820666666667,9.974,1.2483333333333333,1.1150363779067993,10583204.0,0.7287611616982353,0.000460212175626649,0.06866560871580839,0.0,0.00033092120374288386,0.0,0.00012175434732980526,0.0,0.0009635879876568314,0.7423910447556055,0.02505992817228242,0.003055050463303805,0.01643906291154055,0.0,0.00010168084587130411
qdora,32.0,,,all,3.0,0.7746114607170099,1.328125,8.002288329519452e-05,0.8269036939633337,15874806.0,0.7996299311825558,5244.0,1.2531687418619792,300.1358333333333,9.982,1.2493333333333334,0.9467503739992779,15874806.0,0.7289486737781101,0.0003534630371440537,0.1830527267790622,0.0,0.00010453298743489006,0.0,8.009752974706012e-05,0.0,0.004344551184920317,0.3971478356145592,0.013453624047074507,0.0015275252316518995,0.009162305996675278,0.0,0.00045438811055876723
qdora,32.0,,,all,4.0,0.512220567460282,1.8072916666666667,4.0022883295194505e-05,0.5985615393423925,21166408.0,0.8609264274529153,6992.0,1.3777063687642415,300.0759666666667,9.984333333333334,1.25,0.8192825058831108,21166408.0,0.7246928630934821,0.0006093577126866051,0.06644453553215139,0.0,0.0006722633772903973,0.0,0.00011238475340984825,0.0,0.005431912317548059,0.19082498089436226,0.0065064070986474275,0.0009999999999998899,0.007674377413710215,0.0,8.764735319869353e-05
qdora,32.0,,,all,5.0,0.3813073269562535,1.7916666666666667,2.2883295194508016e-08,0.4803218292619416,26458010.0,0.8960743910660733,8740.0,1.4785004059473674,300.14436666666666,9.982,1.2496666666666667,0.7563265432251823,26458010.0,0.7204928355746799,0.0002630563769102841,0.016263015620829154,0.0,0.0006441467172486144,0.0,0.0001213304225999878,0.0,0.0037703516366866287,0.2614193629655998,0.008888194417315785,0.0011547005383791243,0.00514311341647604,0.0,7.484136811533793e-05
qdora,64.0,,,all,1.0,1.267393390064836,0.9296875,0.00016002288329519454,1.2679460148471262,5291602.0,0.7138580009000252,1748.0,1.2204911708831787,302.7481,9.896666666666667,1.2386666666666668,1.248717210345798,5291602.0,0.7226381550365023,0.0001233973283950423,0.09504316453590968,0.0,0.00018059184354501725,0.0,2.508298656851195e-05,0.0,0.0005489509863616268,2.9802209783840024,0.0973721383832836,0.012342339054382439,0.014190420659242633,0.0,0.0004618569019099551
qdora,64.0,,,all,2.0,1.0055634638992181,1.21875,0.00012002288329519453,1.0251565785534413,10583204.0,0.7549924411271748,3496.0,1.2069855531056721,302.3855,9.908666666666667,1.2403333333333333,1.1031813928286234,10583204.0,0.728412342707316,0.0003278719230669346,0.1015625,0.0,0.0003143394499576889,0.0,3.650118193737312e-05,0.0,0.0019185411152382622,2.6979425512786497,0.08807004787856929,0.010969655114603025,0.034039863913164055,0.0,0.00012886605745843585
qdora,64.0,,,all,3.0,0.6452565487789617,1.5338541666666667,8.002288329519452e-05,0.7098824816985406,15874806.0,0.8270400997498489,5244.0,1.29508376121521,302.4031333333333,9.907666666666666,1.2403333333333333,0.8779944848484463,15874806.0,0.729662123468187,0.0008981743646527273,0.15786921423153827,0.0,0.0008486040629554741,0.0,0.000149577422184596,0.0,0.005255998936680195,2.5731963009714938,0.08418036192208615,0.010598742063723018,0.006238101654463096,0.0,0.00023463623393758196
qdora,64.0,,,all,4.0,0.3291657751157573,1.875,4.0022883295194505e-05,0.42072045404682806,21166408.0,0.9075132015890789,6992.0,1.489354093869527,302.5224666666666,9.904,1.2393333333333334,0.7054053007231819,21166408.0,0.7255537829928929,0.0008067621970254723,0.07452650011069888,0.0,0.0009024820887811098,0.0,0.0002151930632872622,0.0,0.005040792985402642,2.9199139205348597,0.0955981171362695,0.01193035344544891,0.006783080845409248,0.0,0.00024819080860077956
qdora,64.0,,,all,5.0,0.1838752461425409,1.5546875,2.2883295194508016e-08,0.2720443569265823,26458010.0,0.9499863054032184,8740.0,1.6624492804209392,302.9988,9.888333333333334,1.2376666666666667,0.6115656775368584,26458010.0,0.7216028579076131,0.0006695530148660174,0.08699631816921909,0.0,0.000935527120566162,0.0,0.0002235244609728915,0.0,0.0020050416948539495,3.1065678795094454,0.10094718090830154,0.012662279942148438,0.0011779429336711666,0.0,0.00016339100700031434
qdora,128.0,,,all,1.0,1.3037014400386155,1.1223958333333333,0.00016002288329519454,1.2992471661802287,5291602.0,0.7085365682078808,1748.0,1.254507581392924,308.4817,9.712,1.2156666666666667,1.2668419100443522,5291602.0,0.7173832598792181,0.0002584987918914648,0.0970554435082512,0.0,0.0005678073966292941,0.0,7.077474215992596e-05,0.0,0.0017727000811836315,0.8925066722439743,0.027999999999999962,0.003214550253664281,0.023906473285603056,0.0,0.00039587507152496543
qdora,128.0,,,all,2.0,0.983123593072142,1.3984375,0.00012002288329519453,1.0008365197958244,10583204.0,0.7585321879177762,3496.0,1.230740229288737,308.33663333333334,9.716666666666667,1.216,1.0927676357163323,10583204.0,0.7265098996692233,4.121194654271897e-05,0.10245997694221876,0.0,0.0003069235722577464,0.0,0.00014010873739736895,0.0,0.004419801420676509,1.016625330853635,0.03178574103797734,0.003605551275463946,0.0316067744677974,0.0,0.0002608023358513199
qdora,128.0,,,all,3.0,0.5401463977804991,1.7265625,8.002288329519452e-05,0.612649638015382,15874806.0,0.8505537694051556,5244.0,1.3463897307713826,308.24496666666664,9.719666666666667,1.2166666666666668,0.8171769795417786,15874806.0,0.7294324487580193,0.0005404689574738226,0.1355418091632615,0.0,0.0004368188184194256,0.0,6.194010586456674e-05,0.0,0.0031898514568186598,0.8975919024441753,0.02837839553838926,0.0035118845842841704,0.0071508643196557895,0.0,0.00024232829541336062
qdora,128.0,,,all,4.0,0.19955000306339685,1.7395833333333333,4.0022883295194505e-05,0.2783522804833886,21166408.0,0.942937591846984,6992.0,1.6205412149429321,308.22256666666664,9.720666666666666,1.2166666666666668,0.6012615793016222,21166408.0,0.726177078988817,0.00019525893768865846,0.16206622794272507,0.0,0.0001328807896820998,0.0,0.00012394200298286066,0.0,0.005961821835459687,1.0914905328647622,0.03423935357645198,0.004041451884327313,0.006180222599505521,0.0,0.00044687544659231663
qdora,128.0,,,all,5.0,0.08094490801987986,0.9908854166666666,2.2883295194508016e-08,0.13581970528984325,26458010.0,0.9789289485785363,8740.0,1.8649566968282063,308.2980333333333,9.718,1.2163333333333333,0.49506171470218235,26458010.0,0.7236416696442497,0.0002230316952168814,0.06326838861071012,0.0,0.00028237452796368384,0.0,7.980649000759845e-05,0.0,0.0027875171675685994,0.8880000919669319,0.028000000000000025,0.0035118845842840862,0.00039104800544638815,0.0,6.234138542694693e-05
qlora,8.0,,,all,1.0,1.2475656237336719,0.4720052083333333,0.00016002288329519454,1.256482800382135,5291602.0,0.7168671549230382,1748.0,1.2053905328114827,196.09943333333334,15.278,1.9126666666666665,1.210541173564063,5291602.0,0.7246208526293437,0.00013252141305965,0.019563775001714478,0.0,0.00014170571757866524,0.0,0.00010727462578587127,0.0,0.0005281479330670754,0.7193692329626755,0.05567764362829979,0.007094598884597558,0.0182758786938979,0.0,0.000255237982815588
qlora,8.0,,,all,2.0,1.1280946360572797,0.7239583333333334,0.00012002288329519453,1.1449400735983495,10583204.0,0.7349114511915057,3496.0,1.1948773860931396,195.46609999999998,15.327666666666666,1.9183333333333332,1.1485144888559977,10583204.0,0.7272959020932515,0.0006483542818178585,0.06735686018946646,0.0,0.0005475031672154459,0.0,8.866185449083727e-05,0.0,0.00023753853143874878,0.9409394667033543,0.07352777253074788,0.009073771725877429,0.010873410740716223,0.0,7.84593228667953e-05
qlora,8.0,,,all,3.0,0.9981385674029247,0.9036458333333334,8.002288329519452e-05,1.0291055847360013,15874806.0,0.7570296818295296,5244.0,1.2141582171122234,195.23443333333333,15.345999999999998,1.9206666666666667,1.0718169549306233,15874806.0,0.7269331642256843,0.0005612073640825915,0.09768228819537005,0.0,0.0006471863151255193,0.0,7.223205583340274e-05,0.0,0.00039706311931683085,1.0753749175675122,0.08448076704197208,0.010692676621563582,0.0056091425617508595,0.0,0.00015013189394469183
qlora,8.0,,,all,4.0,0.8877111416023075,1.1458333333333333,4.0022883295194505e-05,0.9347869542538891,21166408.0,0.7782125347879987,6992.0,1.2521775166193645,195.4489,15.329,1.9186666666666667,1.0161756448745727,21166408.0,0.7245873011483086,0.0009539572378613029,0.055426553785918625,0.0,0.0009600670886624135,0.0,0.00014361313479825674,0.0,0.0007715154888626404,0.9623670037984589,0.07538567503179813,0.009237604307034037,0.0008828542055249612,0.0,0.00014675555491929908
qlora,8.0,,,all,5.0,0.8238671809821344,1.2942708333333333,2.2883295194508016e-08,0.8816945253779741,26458010.0,0.7917570930846677,8740.0,1.2817745208740234,195.3877,15.333999999999998,1.9193333333333333,0.9886589176919726,26458010.0,0.7223163702752856,0.0004918527744790759,0.0400906362456788,0.0,0.00045424924558204346,0.0,9.269885491821871e-05,0.0,0.00041956980874049136,0.9165085324207328,0.0723325652801011,0.009018499505645738,0.0009262932600483897,0.0,0.00013106654237000448
qlora,16.0,,,all,1.0,1.2465680178388396,0.5572916666666666,0.00016002288329519454,1.2540406739775412,5291602.0,0.717033391709004,1748.0,1.2039906978607178,196.92633333333333,15.214999999999998,1.9043333333333334,1.209473119046953,5291602.0,0.7248135020467971,0.00029852310084253937,0.01761425684696443,0.0,0.00033934506623587124,0.0,3.422202959193032e-05,0.0,0.0006377740775163039,2.242605960335729,0.1723745920952385,0.02107921567168332,0.027507671397684196,0.0,0.0003628835269160436
qlora,16.0,,,all,2.0,1.0868390837668647,0.8359375,0.00012002288329519453,1.1052556652021626,10583204.0,0.7416042246884921,3496.0,1.1926740010579426,196.38113333333334,15.257333333333333,1.91,1.1306273408465914,10583204.0,0.7284079687860276,0.000561563268466247,0.07694420157653206,0.0,0.000896294858465127,0.0,8.88533800165804e-05,0.0,0.00011242961308112239,2.168215140001866,0.16719549435715514,0.02088061301782112,0.0072792540711352615,0.0,0.00028296386606111227
qlora,16.0,,,all,3.0,0.8950035857572344,1.12109375,8.002288329519452e-05,0.9358752394204464,15874806.0,0.7759468867113171,5244.0,1.2272789080937703,196.21056666666667,15.270333333333333,1.9116666666666668,1.0201162275738185,15874806.0,0.7279189900822111,0.0008791137956180991,0.1348080775526359,0.0,0.0010187042093647587,0.0,0.0001304423164118049,0.0,0.0006971150952920471,2.0306160600500793,0.15694054075774477,0.019731531449264973,0.006317836551491114,0.0,0.00027254221963034063
qlora,16.0,,,all,4.0,0.7144696012332546,1.4609375,4.0022883295194505e-05,0.7814925206039445,21166408.0,0.8141960244566134,6992.0,1.2987525860468547,196.09853333333334,15.278666666666666,1.9123333333333334,0.9292022086249458,21166408.0,0.724631394704183,0.000850632716587606,0.0667500292602932,0.0,0.0007529688904401201,0.0,0.0002163535760518609,0.0,0.001175839319271584,1.723391831051017,0.1334928212801468,0.016772994167212243,0.0028176274002729698,0.0,0.00010659865180906351
qlora,16.0,,,all,5.0,0.6126352829573084,1.5234375,2.2883295194508016e-08,0.6951298548475555,26458010.0,0.8386684434728529,8740.0,1.358040491739909,196.34666666666666,15.26,1.9100000000000001,0.8842977415190804,26458010.0,0.721134059217241,0.0010394445293124613,0.0,0.0,0.0011937984951318125,0.0,0.00015205656390138557,0.0,0.0005599765789966927,2.189401948782672,0.16904141504376993,0.020808652046684986,0.0011368886792705697,0.0,0.00022648985048253405
qlora,32.0,,,all,1.0,1.2512640934877954,0.6901041666666666,0.00016002288329519454,1.2559039381898878,5291602.0,0.7163720129329135,1748.0,1.2064413626988728,206.44613333333334,14.588,1.8259999999999998,1.219076252354516,5291602.0,0.7245692835383944,0.0002241411023001124,0.021513947450336336,0.0,0.00016966661603930102,0.0,0.00012170837611664089,0.0,0.0003774072036345725,18.64925184594099,1.2530810029682837,0.15684705926475004,0.01460677168098896,0.0,0.0006219208561367516
qlora,32.0,,,all,2.0,1.0430709175441575,0.9869791666666666,0.00012002288329519453,1.062617773651895,10583204.0,0.7488187991713495,3496.0,1.1957330703735352,205.90763333333334,14.624,1.8303333333333331,1.1169960913128323,10583204.0,0.7287124139997694,0.0006160678682817966,0.07088884160841771,0.0,0.0006250856615417005,0.0,9.863193154420832e-05,0.0,0.00047396115890056725,18.378717678427233,1.242066423344581,0.15556777729765675,0.021378773285869228,0.0,0.0001923491407131542
qlora,32.0,,,all,3.0,0.7750102609827899,1.34375,8.002288329519452e-05,0.82754208565804,15874806.0,0.7996041420690893,5244.0,1.2532678842544556,205.74483333333333,14.634333333333332,1.8319999999999999,0.9476190274556479,15874806.0,0.7288434318436515,0.0006862808241474991,0.16369005343560128,0.0,0.000667887512847102,0.0,0.00011508211135202368,0.0,0.003740623905061079,18.224266916486208,1.23391423256778,0.1543113735276826,0.004970368971171009,0.0,0.0004228871192689891
qlora,32.0,,,all,4.0,0.5116564345487105,1.7604166666666667,4.0022883295194505e-05,0.597923937562674,21166408.0,0.8610944029236457,6992.0,1.3784018754959106,205.79010000000002,14.633333333333335,1.8313333333333333,0.817973253832923,21166408.0,0.7246506675614252,0.001139807100487582,0.15651020001371585,0.0,0.001119321066597421,0.0,0.0002898630585859687,0.0,0.0011217725580217732,18.486891703853306,1.2501585232814816,0.15630845573203428,0.0007677399201762662,0.0,0.0002479747012452789
qlora,32.0,,,all,5.0,0.38025515721464415,1.7005208333333333,2.2883295194508016e-08,0.4788772645203963,26458010.0,0.8964207187965569,8740.0,1.4786176681518555,205.3002333333333,14.660333333333332,1.8353333333333335,0.7549520836406284,26458010.0,0.72052963897917,0.0006116514113776892,0.038538147361845694,0.0,0.0005682732894576517,0.0,5.9291099689828324e-05,0.0,0.0007228255935441486,17.43910967031669,1.1877753715805583,0.14850028058334888,0.00038880758297408667,0.0,0.00017395934481258038
qlora,64.0,,,all,1.0,1.2675029833202232,0.8619791666666666,0.00016002288329519454,1.2681818925566022,5291602.0,0.7138519735849149,1748.0,1.2205629746119182,200.31146666666666,14.957666666666668,1.8723333333333334,1.24263159693612,5291602.0,0.7225849144723681,0.00024611607807480617,0.024808019379241725,0.0,0.00024843769383287376,0.0,7.58987021671965e-05,0.0,0.00045547366312674695,1.969978584485969,0.1462885276887211,0.018502252115170603,0.001775507588833489,0.0,0.0004610609062883478
qlora,64.0,,,all,2.0,1.0053581744091462,1.2317708333333333,0.00012002288329519453,1.0251340809598577,10583204.0,0.7550612468582178,3496.0,1.2078138589859009,199.71130000000002,15.002666666666668,1.8780000000000001,1.1010660769674514,10583204.0,0.7282291985087924,0.0007224019012427758,0.15014099276457893,0.0,0.0008949083022047202,0.0,0.0001834847090692703,0.0,0.001161611878482488,1.782509736298789,0.13310271722746017,0.016462077633154278,0.01943027239488188,0.0,0.0003194898346966431
qlora,64.0,,,all,3.0,0.6441659469080735,1.5208333333333333,8.002288329519452e-05,0.7093307960417596,15874806.0,0.8271989904679385,5244.0,1.2961820761362712,199.74166666666667,15.0,1.8773333333333333,0.8729666777186923,15874806.0,0.7297335811720954,0.000349274539328658,0.17991380676474872,0.0,0.0006229605082907158,0.0,6.189250105070585e-05,0.0,0.007366836181049527,1.6849528193196728,0.12593252161376045,0.015947831618540853,0.00785283175204191,0.0,0.0003235614938272372
qlora,64.0,,,all,4.0,0.3270863082734435,1.828125,4.0022883295194505e-05,0.4189485138940002,21166408.0,0.9080705019943047,6992.0,1.4942116737365723,200.00346666666667,14.980333333333334,1.875,0.7005701896614499,21166408.0,0.725326353708903,0.00024722911763595985,0.09974332292815394,0.0,0.00038951089191083623,0.0,6.682798281669884e-05,0.0,0.002552523596567908,1.843687883925422,0.1373838903704993,0.017349351572897333,0.0009423443024540655,0.0,0.00016117902049770866
qlora,64.0,,,all,5.0,0.18193616947083868,1.5546875,2.2883295194508016e-08,0.2698442200802602,26458010.0,0.9505384822868373,8740.0,1.6640405654907227,199.83309999999997,14.993,1.8763333333333332,0.6114165029525757,26458010.0,0.7215220452414619,0.00041356909242340966,0.09472152853892297,0.0,0.0002477123783128514,0.0,0.00014303455848332453,0.0,0.0015263222584884367,1.6256346545272706,0.12150720143267148,0.01504437879519556,0.0014498298130706426,0.0,0.00015272795992372904
qlora,128.0,,,all,1.0,1.3043907974441027,1.0625,0.00016002288329519454,1.2996552399694237,5291602.0,0.7084052383922422,1748.0,1.254225532213847,201.20236666666665,14.890666666666666,1.864,1.2703251153098212,5291602.0,0.7175294773313734,0.00030370846127527896,0.0358013726168425,0.0,0.0002599175761327658,0.0,9.9735867415995e-05,0.0,0.00047798692150379234,1.221892697143788,0.09124326459160341,0.01126942766958464,0.032853744550089235,0.0,0.0004633149873608824
qlora,128.0,,,all,2.0,0.9839243594241633,1.3697916666666667,0.00012002288329519453,1.0013156660770661,10583204.0,0.7584108886124977,3496.0,1.229921579360962,201.0199,14.904333333333334,1.8656666666666666,1.0981142195595635,10583204.0,0.7265187585088942,0.0004910771881332531,0.0983051358759212,0.0,0.0006322650716343197,0.0,0.0002769907995384874,0.0,0.0017465683029360467,1.3524957523038876,0.1010560900358485,0.012423096769056048,0.016679546168945698,0.0,0.00017688960678932775
qlora,128.0,,,all,3.0,0.5396788922272776,1.7083333333333333,8.002288329519452e-05,0.6125519498387063,15874806.0,0.8506055665120744,5244.0,1.34951913356781,201.04603333333333,14.902666666666667,1.8656666666666666,0.8161864404678344,15874806.0,0.7291910371780395,0.00045734449961086705,0.11959335940838581,0.0,0.0004400377164008761,0.0,0.00017289785924711224,0.0,0.003542230811686875,1.3550895074987757,0.10059986746180795,0.012503332889007379,0.00368006967477406,0.0,0.00020883040233240144
qlora,128.0,,,all,4.0,0.19828605506367394,1.6484375,4.0022883295194505e-05,0.27722180293749343,21166408.0,0.9433744538271364,6992.0,1.6120531956354778,201.0986,14.898333333333333,1.8646666666666667,0.6056464431550768,21166408.0,0.7262440240118239,0.0003700202920414759,0.04133986423538423,0.0,0.00022765982901188272,0.0,0.0001088087889234507,0.0,0.006715838355980796,1.2582412646229673,0.09343090138350028,0.011718930554164515,0.006527993537485901,0.0,0.0003579509760047973
qlora,128.0,,,all,5.0,0.08002188513062547,1.1119791666666667,2.2883295194508016e-08,0.1344855464710751,26458010.0,0.979201900127005,8740.0,1.866112470626831,200.82183333333333,14.919333333333334,1.8673333333333335,0.49388683043585885,26458010.0,0.7236500595940484,0.00026475011198071795,0.06362912355661778,0.0,0.00018446678464688576,0.0,7.824626661880164e-05,0.0,0.004112879720659932,1.2281970946608396,0.09154416056381312,0.011846237095944533,0.0007870740386649621,0.0,0.00018017466763506956
